 -0.01681021,  0.10496972, -0.38861931, -0.65731944,  0.36096725,  0.02201022, -0.07709145,  0.18646324,  0.07506990,  0.04297309,  0.03524296,  0.08331150, -0.06151300,  0.01572379, -0.02219563, -0.05538454, -0.18282737,  0.02898515,  0.14915653,  0.02335083,  0.02337890, -0.11803643,  0.00785022, -0.01194697, -0.07192472,  0.01376465, -0.06323942,  0.01422150, -0.14052478, -0.02362444,  0.09820564, -0.01259095,  0.00249353,  0.02106002,  0.09530824,  0.00558078,  0.01910745, -0.00312968,  0.02306279, -0.10249644,  0.00843908,  0.06557232, -0.02542498,  0.13475323,  0.00203495, -0.00754118,  0.00741337, -0.03900357,  0.01546505, -0.01625716, -0.15074439, -0.03737607, -0.06620186, -0.01469252,  0.13642755,  0.00574979,  0.04383236, -0.06213661
 -0.01326479,  0.12352595, -0.41210432, -0.32727579, -0.09087223, -0.05830597,  0.21630010, -0.15869555, -0.05289649, -0.03236320, -0.01390487, -0.11347287,  0.05835923, -0.03240521,  0.05810751, -0.06824694,  0.15873048, -0.04200991, -0.34151053, -0.11192350, -0.03241560,  0.20494059,  0.08429131, -0.02133347,  0.12448837,  0.00314498,  0.02606896, -0.10593158,  0.10646722,  0.15928295, -0.20059923,  0.02369699, -0.03982529, -0.02268415, -0.13300742, -0.02413753, -0.11471646, -0.10792459, -0.02988610,  0.16018792, -0.07666447, -0.03182732,  0.03798340, -0.22245346,  0.07612455,  0.10432335, -0.03746857,  0.06377836, -0.06023183,  0.09041120,  0.21964827,  0.21157133,  0.05362129,  0.03096407, -0.04856231,  0.06539813, -0.05599657,  0.11327393
 -0.00925666,  0.14673789, -0.39759700, -0.04502817, -0.44510433,  0.04003117,  0.08046871, -0.12830883, -0.02689604, -0.02823559, -0.04297236, -0.07280574,  0.04883891, -0.01098808,  0.06992886,  0.07240015,  0.23675422, -0.04358088,  0.19755661,  0.16480082, -0.05527352, -0.06290080, -0.22240007,  0.14389194,  0.00315499, -0.04878515,  0.06800522,  0.05584670,  0.06376097, -0.27704239, -0.00273683,  0.01965725,  0.17344445, -0.02780094, -0.07244099,  0.06160292,  0.15449384,  0.18855459, -0.09550095, -0.02009279,  0.14713356, -0.07367116,  0.06824915,  0.07372979, -0.07721876, -0.10639573,  0.08503798, -0.12160115,  0.13208637, -0.06753490, -0.09622812, -0.18114407, -0.04069505,  0.12452622, -0.04874484, -0.09803600, -0.03120692, -0.04608826
 -0.00520092,  0.17078773, -0.35431020,  0.17372869, -0.35051285,  0.14316407, -0.27671018,  0.11299885, -0.05444045,  0.01075895, -0.04964483,  0.11381269, -0.04554953,  0.03012125, -0.02358621,  0.14020227, -0.16631781,  0.09360789,  0.16952100, -0.07784555,  0.10604403, -0.07085726,  0.13504438, -0.15476384,  0.01556940,  0.03883261,  0.08716963,  0.14830272,  0.14998052,  0.19093708,  0.18484409, -0.05253020, -0.21535344,  0.09994056,  0.13455031, -0.11192414,  0.02283877,  0.03666840,  0.19584802, -0.01138487, -0.08127557, -0.05758253, -0.10702415, -0.03507325, -0.00078628,  0.02756440, -0.12022901,  0.14418189, -0.22061149, -0.02307146,  0.17658249, -0.01191163, -0.02749408, -0.10661751, -0.00381279,  0.07028619,  0.00147600,  0.01557059
 -0.00100541,  0.19365882, -0.29091744,  0.30444577,  0.09045303,  0.09182368, -0.33637816,  0.13797418, -0.12940452,  0.02277873, -0.00069919,  0.18042176, -0.05922822,  0.02770739, -0.06968476,  0.04234107, -0.11274574, -0.00575837, -0.37123641, -0.01825950, -0.04949478,  0.13253367,  0.06365326,  0.07919168, -0.24469495, -0.02408387, -0.08380023, -0.05706331, -0.19685909, -0.13815362, -0.07349501,  0.01264858,  0.15382088, -0.20042681, -0.02790011,  0.00300903, -0.06063164, -0.16649526, -0.05582582,  0.04246898,  0.01060089,  0.05080289, -0.01157238, -0.05093705, -0.04211248, -0.08754564,  0.14225730, -0.00215724,  0.27768231,  0.03843838, -0.00378642, -0.04141630,  0.11596076, -0.00901743, -0.08522218, -0.07205496,  0.13384081, -0.00405044
  0.00343112,  0.21424992, -0.21468873,  0.31905476,  0.41553256, -0.07533674, -0.03361002, -0.08694953, -0.07356170,  0.03969605,  0.08390007,  0.09099700,  0.00980586,  0.01580317, -0.01390649, -0.01973391,  0.07752216, -0.10954214,  0.09818152,  0.24559323, -0.08020878,  0.00170789, -0.22707465, -0.15691715,  0.12892891, -0.03436509, -0.13421530, -0.06388079, -0.02023189,  0.07696714, -0.01908771,  0.03815435,  0.13628546,  0.25550670, -0.14235786, -0.00860404,  0.09437618,  0.14535804, -0.15125732,  0.06855322, -0.01461517,  0.07213477,  0.05126060,  0.07887152,  0.05919181,  0.11664735, -0.18322948,  0.01876405, -0.20869700, -0.21007481,  0.00716776,  0.13315184, -0.04487074, -0.06562582, -0.14639004,  0.05152357, -0.09736433,  0.06948179
  0.00804753,  0.23123725, -0.13452698,  0.22219596,  0.29660248, -0.19808429,  0.19952818, -0.18041458,  0.07728379,  0.09860936,  0.10308296,  0.01284424,  0.02356205,  0.02481532, -0.00070935, -0.03000058, -0.07874832, -0.01568543,  0.16009266, -0.02985082,  0.15508897, -0.01563895,  0.11408133,  0.19057163,  0.27262117,  0.11919417,  0.01387049,  0.02225171,  0.12243411, -0.01121221, -0.02646416, -0.11269816, -0.28786385, -0.20278418,  0.14384648, -0.04419800,  0.08693420,  0.06705165,  0.12173426,  0.08326129,  0.04016309, -0.11586839,  0.04610851, -0.11301769,  0.06183480,  0.04733953,  0.19952622,  0.08336889,  0.15755576,  0.22187961, -0.09830950, -0.18317834,  0.07418364, -0.03344046, -0.01362998, -0.16619980, -0.04340163, -0.09872507
  0.01301424,  0.24161678, -0.06967267,  0.14468086,  0.04065779, -0.21337128,  0.25411149, -0.08958109,  0.25226124,  0.09698874,  0.04791337, -0.09919211,  0.02598871,  0.00412294, -0.01656830, -0.04452731, -0.05859104, -0.03048097, -0.09600721, -0.20998297,  0.03980211, -0.18796218,  0.05668891,  0.07331571, -0.24438155,  0.01985289,  0.26922078, -0.06912286, -0.04971379, -0.01933944,  0.08572186,  0.19048289,  0.13924715,  0.12862176,  0.17275123,  0.02951755, -0.13834125, -0.10749359,  0.00463504, -0.14162357,  0.00983264, -0.08958899, -0.07930637,  0.04095862, -0.19266272, -0.17415897, -0.13023762, -0.31415830, -0.20159979, -0.04308814,  0.03862926, -0.02891160,  0.17507629, -0.09008743, -0.05111575,  0.12838620,  0.03439182, -0.01560131
  0.01878193,  0.24673642, -0.02157625,  0.11687393, -0.10373302, -0.09540419,  0.20104524,  0.12773303,  0.29433452,  0.00992565, -0.05444482, -0.21377398,  0.04145503, -0.01723899,  0.01364337, -0.09892450,  0.01400603, -0.01017291,  0.10529590, -0.04920118, -0.23364086,  0.02820794,  0.04248952, -0.21661875, -0.07763864, -0.28980426, -0.11809629,  0.05807373, -0.10437102,  0.06104374,  0.07307965, -0.24371982, -0.06376107, -0.07769111, -0.09863416,  0.08231606, -0.14518218, -0.11797204, -0.00860145, -0.12471211,  0.03663105,  0.16462405, -0.07916907,  0.06774135, -0.03035170, -0.12613195,  0.08447198,  0.38976159,  0.03236017,  0.01095086, -0.17328931,  0.17109427, -0.14893926,  0.07459478, -0.08654820, -0.05716698,  0.05089705, -0.04555766
  0.02463509,  0.24781258,  0.01867658,  0.09662731, -0.08807562,  0.04227879,  0.07152033,  0.29299084,  0.10175319, -0.12847029, -0.17206723, -0.20311279,  0.00772166, -0.04467605, -0.01342656, -0.06927277,  0.09256344,  0.04487360,  0.00643452, -0.07204461,  0.20717188,  0.17520795,  0.02947464, -0.02048219,  0.07122947,  0.22070078, -0.22495030,  0.18087528, -0.11719207,  0.02496662, -0.15462435,  0.20951472, -0.11468053,  0.05857995, -0.00763129,  0.12792347, -0.00659734,  0.00766259, -0.00503034, -0.15108633, -0.10792918,  0.19511314,  0.08101435,  0.21189584,  0.08587154,  0.19976379, -0.12791094, -0.21875015,  0.20101680, -0.02898265,  0.05120811, -0.05506709,  0.07179256, -0.08809899,  0.15170614, -0.09152330, -0.22923551,  0.02574429
  0.03066781,  0.24578493,  0.05195102,  0.07560762,  0.03465524,  0.13434463,  0.04931065,  0.21737636, -0.15994764, -0.25015185, -0.17438271, -0.08273373, -0.02465303, -0.06001439, -0.03153133,  0.01045265,  0.16135758,  0.04315028, -0.08345651, -0.04016422, -0.02630096, -0.24226464, -0.10973026,  0.12836775, -0.02001591,  0.13664555, -0.05365934, -0.35363058,  0.23398139,  0.08052312, -0.00095011, -0.08661364,  0.01186416, -0.03379826,  0.00104101, -0.02912886, -0.07914385, -0.08488768,  0.04426749,  0.06230579, -0.08236090, -0.03784476,  0.04016317, -0.01752356,  0.16822722,  0.08023242,  0.14904283, -0.04467811, -0.20750983, -0.05030742, -0.23524603, -0.06706346, -0.10811410,  0.11587620,  0.14781605,  0.20584123,  0.16934847, -0.27655457
  0.03672359,  0.24136389,  0.08044561,  0.03587837,  0.09609350,  0.15762992,  0.09558782, -0.02513163, -0.27372033, -0.25709546, -0.01712417,  0.07303332, -0.05260670, -0.06102003, -0.05408834,  0.06052354,  0.07581048,  0.09689459,  0.13087811,  0.02831287, -0.13248920,  0.08288352,  0.17638256, -0.06006556,  0.16269915, -0.09961956,  0.32338061, -0.09324385, -0.18348370, -0.17362310,  0.16277844,  0.02756757, -0.07406692,  0.05638264, -0.03600585,  0.07316018,  0.04808001,  0.01054421, -0.13309906,  0.03272314, -0.00336167, -0.00659062, -0.08457897,  0.04691757, -0.12973136, -0.09451275, -0.08350349, -0.04547469, -0.01616414,  0.29285776,  0.03249607,  0.19935984,  0.03560117,  0.04344806,  0.35709750, -0.13460646,  0.06818661,  0.18738340
  0.04281305,  0.23466409,  0.10240752, -0.00839466,  0.03894907,  0.14018833,  0.09958583, -0.23459991, -0.16658423, -0.11983916,  0.20011191,  0.13181672, -0.05425683, -0.06496661, -0.07615029,  0.02210182, -0.06694192,  0.16623619,  0.03285956, -0.12265552,  0.15844847,  0.04630068, -0.09604193,  0.14598862, -0.12170712, -0.22623000,  0.00722855,  0.29107997, -0.05354059,  0.28798017, -0.08482735,  0.00443189,  0.03668777, -0.07941582,  0.05862751, -0.03416414, -0.05439823,  0.08044226,  0.08789299, -0.08108707,  0.14689366,  0.03407293,  0.06627753, -0.08238485,  0.04655775, -0.06340422,  0.04060705, -0.05885757,  0.19367130, -0.20601187, -0.04208786,  0.08865851, -0.17722890,  0.20565169,  0.06813642,  0.33334097, -0.12310357,  0.09064383
  0.04887663,  0.22583690,  0.11709187, -0.04226060, -0.06050460,  0.11913929, -0.01621006, -0.27540024,  0.04667319,  0.09061771,  0.29164779,  0.04240439, -0.00469340, -0.07097780, -0.04739062, -0.03412682, -0.07591988,  0.11105263, -0.13116229,  0.05194870, -0.09399472, -0.21774159,  0.04636789, -0.25679822, -0.11223770,  0.12111173, -0.20183027,  0.08198773,  0.09357106, -0.24671929, -0.24937453, -0.02830460,  0.08242744,  0.03216341, -0.00717371,  0.03372989, -0.03316662, -0.12257506,  0.11232505, -0.13455427, -0.04669958, -0.08871864,  0.08684433, -0.00465121,  0.00230353,  0.21182441, -0.10116128,  0.06792815, -0.15734273,  0.05022641,  0.08700234, -0.18319258, -0.13885143,  0.15272996,  0.18373836, -0.25954219,  0.10037662,  0.07962366
  0.05510683,  0.21548103,  0.12397920, -0.05303921, -0.07348988,  0.11075453, -0.15829535, -0.17689038,  0.20052242,  0.23845568,  0.16398276, -0.13345739,  0.09155472, -0.04877039,  0.06744368, -0.07901265, -0.08725857,  0.06846385,  0.08810892,  0.10178869, -0.11798479,  0.26289052,  0.03213161,  0.11651006,  0.04624442,  0.14177588, -0.19383082, -0.16351304,  0.13685609, -0.01123854,  0.29598259,  0.09863206,  0.04119919,  0.00102417, -0.16716943, -0.06006386,  0.02850867, -0.00312587, -0.10001287,  0.08377600, -0.10535272,  0.02076771, -0.15382011,  0.11443618,  0.07774016, -0.10354002,  0.18373851, -0.07449438,  0.09484415,  0.07284485,  0.14546680, -0.05175971, -0.07808012, -0.14371737,  0.13122505,  0.33209764,  0.08902027,  0.09179717
  0.06084350,  0.20380076,  0.12855316, -0.06729163, -0.01288418,  0.04084194, -0.28391219, -0.05402558,  0.16252346,  0.21315510, -0.13312688, -0.20943769,  0.13792907, -0.00917964,  0.11681371, -0.01993482, -0.02954756,  0.00534193, -0.12198983,  0.01955167,  0.22554367,  0.04535276, -0.24891885, -0.02780304,  0.08075855,  0.13853889,  0.31648123, -0.06512096, -0.14598600,  0.09799797, -0.04110371, -0.20053504, -0.07307747, -0.04058292,  0.07289473,  0.05344470,  0.09304144,  0.10007960, -0.02800338,  0.09997509,  0.09446211,  0.06743726,  0.04915363, -0.20424717, -0.01612060,  0.01798971, -0.23131536, -0.04846215,  0.07231560, -0.13957821, -0.13087822,  0.12111803, -0.10259002,  0.05565548,  0.03528613, -0.14965180,  0.29847383,  0.07409353
  0.06642587,  0.19151969,  0.12988404, -0.08580120,  0.06424956, -0.05787716, -0.26066159, -0.00788046,  0.01566503,  0.02880067, -0.34767378, -0.11251149,  0.13784642,  0.07666191,  0.15920295,  0.05466311, -0.03705273, -0.08656145, -0.06312102,  0.21880826, -0.17605081, -0.18569375,  0.04184675,  0.11385700,  0.00383681, -0.31714825,  0.03778720,  0.05188354,  0.04335389, -0.00764343, -0.15241832,  0.19912601, -0.07515916,  0.01822272,  0.06473706, -0.07340579, -0.09150134,  0.02591235,  0.09913412, -0.08504910,  0.07132397, -0.17043338,  0.19336397, -0.04030870, -0.04707813,  0.06495035,  0.20720962,  0.11353823, -0.05969993, -0.00619798, -0.02112121, -0.04453565,  0.12071470, -0.17791335,  0.11901842,  0.07040655, -0.20454639,  0.26574083
  0.07179059,  0.17855391,  0.12743906, -0.09562635,  0.08363177, -0.17125022, -0.09319975, -0.05950111, -0.07894723, -0.19502401, -0.29062934,  0.04018978,  0.09153622,  0.16236166,  0.16216117,  0.07373700, -0.13989550, -0.09290589,  0.17096308, -0.03419379,  0.13323641,  0.14557054,  0.18715569, -0.11006180,  0.02126825,  0.03141649, -0.01424803,  0.18099775,  0.18276274, -0.09729588, -0.03228286, -0.07455301,  0.36027793, -0.08092973, -0.13043627,  0.01672920,  0.01521846, -0.10226998,  0.04882138, -0.04414627,  0.02469802, -0.14107341, -0.14194774,  0.04517272,  0.11804556,  0.04981436, -0.18868196, -0.10416040,  0.01892590,  0.22009379, -0.02672649, -0.00081677, -0.06936460,  0.13604998, -0.30666591,  0.10587731,  0.09579606, -0.04642234
  0.07697007,  0.16566603,  0.12401684, -0.10880437, -0.04045086, -0.21976244,  0.03429460, -0.06281287, -0.09983759, -0.27793686, -0.01908978,  0.13130048,  0.00585810,  0.21548069,  0.13726866,  0.04669947, -0.19454103, -0.13144982, -0.15947544, -0.17927730, -0.03730853,  0.00248744, -0.24980205,  0.06482106, -0.16995412,  0.13332201, -0.11413210,  0.09442426,  0.08652142, -0.10488383,  0.11850430, -0.06806079, -0.22065973,  0.12410095, -0.08723329, -0.03516843,  0.09255790,  0.08418104, -0.10041918,  0.06657740, -0.11434971,  0.15296129, -0.14604647, -0.11578300, -0.16546317, -0.09743824,  0.22037243, -0.05523051, -0.07901768, -0.12073003,  0.07914954,  0.06073138, -0.18630788, -0.14733985, -0.00476060, -0.24726212, -0.12009784,  0.00237035
  0.08205308,  0.15257588,  0.11752922, -0.10095165, -0.17338253, -0.18434383,  0.05331770,  0.03021398, -0.09187860, -0.16055093,  0.25251761,  0.07238336, -0.09297926,  0.18805267,  0.08435758,  0.01795864, -0.04036643, -0.23684960, -0.08261513,  0.28912360, -0.16530870,  0.08866838,  0.00002930, -0.23490907, -0.03861598,  0.15242238,  0.07643451, -0.10053536, -0.04540773,  0.15014961,  0.06348221,  0.09218460, -0.01156764, -0.17973251,  0.17093709, -0.00834914,  0.02151752,  0.03771445,  0.07452381,  0.03012865,  0.15035766,  0.06787668,  0.25059018,  0.03323794,  0.06300155, -0.12296783, -0.24151465,  0.13527864,  0.12388829,  0.00675956,  0.00030763, -0.10514120,  0.14977712, -0.13452999,  0.08014626,  0.13100194, -0.01891904, -0.24363361
  0.08705352,  0.13969269,  0.10964805, -0.07999745, -0.18819056, -0.08493228, -0.02207054,  0.17225594, -0.11565512,  0.09367091,  0.30576042, -0.01982861, -0.19929288,  0.10184735,  0.00556523,  0.03776281, -0.04505322, -0.26188604,  0.11580803,  0.12312657,  0.26144524,  0.14843656, -0.03356677,  0.18184445,  0.10481991, -0.18039725, -0.07240892, -0.13234809, -0.09214439, -0.02964955, -0.04237543, -0.12030056, -0.01860405,  0.18821493,  0.07293497,  0.04111932, -0.13384231, -0.09690404, -0.00055017, -0.11562657, -0.13968608, -0.23384452, -0.03489095,  0.08500428, -0.08481244,  0.22660787,  0.18086258, -0.02194399, -0.04572064, -0.09220975,  0.01424680,  0.19297134,  0.20059450,  0.14535212, -0.08605088, -0.06029071,  0.14124894,  0.01418912
  0.09215395,  0.12757833,  0.10145388, -0.05709306, -0.07104049,  0.01736700, -0.03172515,  0.22057514, -0.15000271,  0.30449447,  0.12553531, -0.05178453, -0.26493285, -0.01346983, -0.04995860, -0.02672163, -0.05247253, -0.23175471, -0.03766400, -0.17889804,  0.01340523, -0.32159602, -0.02951505,  0.00867694,  0.21286322,  0.00875127,  0.09500418,  0.07282848,  0.02058152, -0.00535044, -0.05905884,  0.15195043,  0.05202254, -0.18151940, -0.28477838,  0.00937048, -0.02624217,  0.01033740, -0.05290238,  0.15597612,  0.05663935,  0.12344677, -0.25261496, -0.02259520,  0.18614217, -0.18400276, -0.08730262,  0.03476684, -0.06389554,  0.04662513, -0.09335401, -0.10609096,  0.02139778,  0.06899232, -0.04529831, -0.02500823, -0.23419903,  0.15621778
  0.09680895,  0.11577458,  0.09580559, -0.04960673,  0.04902261,  0.03723561,  0.03901828,  0.09666141, -0.10927874,  0.32129371, -0.13701714,  0.03024158, -0.26348589, -0.13656210, -0.08118089, -0.07010708,  0.15177344, -0.20174429, -0.01436474, -0.06474253, -0.21111875,  0.12556233,  0.27418921,  0.09770403, -0.18202943,  0.00342337,  0.12886934,  0.05746342,  0.15556240,  0.02936498, -0.03461462, -0.11197330,  0.01087138,  0.21376144,  0.09841709,  0.00148532,  0.27554101,  0.12911767, -0.02977395, -0.06377714, -0.00201035,  0.19405772,  0.17702449, -0.09167871, -0.21637810,  0.17141205,  0.02384104, -0.01719419,  0.05727638,  0.08885089,  0.09234271, -0.07718553, -0.20503106,  0.01817055, -0.12553690,  0.07340336,  0.00321658, -0.12138598
  0.10134661,  0.10477240,  0.09172213, -0.06666690,  0.05394519,  0.03381604,  0.09356897, -0.01940064,  0.03908129,  0.16963871, -0.25856547,  0.21839221, -0.19611783, -0.19546206, -0.07279237, -0.05352431,  0.20276232, -0.06691025,  0.15543164, -0.12490320,  0.09747174,  0.17638271, -0.25721972, -0.19156810, -0.14695166, -0.10508948, -0.04255248,  0.02903071, -0.02102283, -0.15256717,  0.08148727,  0.06986753, -0.02528277, -0.21170704,  0.07911699, -0.21110341, -0.12462681, -0.01998492,  0.09881140,  0.17108241, -0.06770607, -0.21590186,  0.17180141,  0.08160016,  0.21202635, -0.15723923,  0.03303650, -0.02781648, -0.06904912, -0.08233277,  0.22001985,  0.07522566,  0.01340454, -0.12019440,  0.01098422, -0.15953348,  0.06494387, -0.05894547
  0.10579536,  0.09415280,  0.08656862, -0.09502291, -0.02221481,  0.04884922,  0.02603408,  0.00981254,  0.17316175, -0.02288976, -0.15975754,  0.37850664, -0.08187980, -0.18584068, -0.04430520, -0.01839948,  0.13431419,  0.05884765, -0.08559985,  0.02155967, -0.12580668, -0.04340972, -0.09936965, -0.03862017,  0.22494345,  0.10442321, -0.17842435,  0.14174006,  0.06499465,  0.17214051,  0.04059560, -0.07017868,  0.01398461,  0.13409745,  0.02129081,  0.26516162, -0.02098345, -0.07690039, -0.14697460,  0.02062023,  0.06295902, -0.26293746, -0.24638086, -0.17748734, -0.25299688, -0.01690621, -0.07314502,  0.08584187,  0.15594498, -0.08938363, -0.09534848, -0.12513540,  0.28180238, -0.05256482,  0.00372253,  0.06254658,  0.03246544, -0.02895017
  0.10998027,  0.08269752,  0.07600373, -0.09053274,  0.00300479,  0.03595858, -0.04731763,  0.06863252,  0.22871342, -0.15031953,  0.07972444,  0.31100018,  0.08185820, -0.17078841, -0.02916977,  0.06593908,  0.17296862,  0.07451452,  0.03462589,  0.13472743,  0.04634446,  0.06990135,  0.09897136,  0.15987402, -0.08176326,  0.22422638,  0.12910036, -0.12731042,  0.04520036, -0.10152657, -0.11848035,  0.00474505, -0.15290827, -0.10793243, -0.11831313, -0.11904764, -0.10281751,  0.16816352,  0.09289529, -0.20367637,  0.22149181,  0.29325739, -0.05664484,  0.07533930,  0.04144580, -0.01275746,  0.07274295,  0.08377708, -0.21972617, -0.01988817,  0.02606789,  0.05758226,  0.16823379,  0.08511254, -0.30090259, -0.00239351,  0.01734167,  0.19226871
  0.11409527,  0.07205837,  0.06570681, -0.09077321,  0.03648115,  0.02624998, -0.08422342,  0.12882951,  0.11828779, -0.11587524,  0.24292109,  0.09024564,  0.22401136, -0.13542029, -0.04904209,  0.15994457,  0.10647331,  0.09446007, -0.02849996, -0.08233661,  0.07555867, -0.00734237, -0.10147668, -0.05749643,  0.04226544, -0.27897933,  0.17026837, -0.18953793,  0.13389204,  0.05510462,  0.10375827,  0.10273857,  0.08441043,  0.06175622,  0.01461961,  0.16615915,  0.11965316, -0.09377201,  0.15121449,  0.05041155, -0.43601503,  0.03087673,  0.16113067, -0.03305715, -0.01015480, -0.05809138, -0.05305820,  0.02573279,  0.17413588,  0.09667788, -0.05877592, -0.17494257, -0.11224761, -0.07707768, -0.26402850, -0.11895073, -0.16586591,  0.04912709
  0.11777889,  0.06150389,  0.05586096, -0.08689607,  0.04299922, -0.02596797, -0.05943214,  0.07873166, -0.08370968,  0.00690683,  0.19601499, -0.13309003,  0.28563647, -0.11641767, -0.17143757,  0.24484323,  0.18100574,  0.03907161, -0.17243243,  0.00766696,  0.00830301, -0.00498057,  0.16114132, -0.00847101,  0.12734063, -0.09227717,  0.06731363,  0.31384303, -0.04415124, -0.03804908, -0.00148157, -0.16842673, -0.09052570, -0.00708082, -0.05606895, -0.22260985, -0.04409637, -0.14797228, -0.21807625,  0.14981923,  0.21679060, -0.09513899, -0.03071291,  0.23288327, -0.03550704,  0.04624725,  0.03297190, -0.11322569, -0.09627595, -0.12387634,  0.02116796, -0.06840310, -0.07768996, -0.26286771, -0.06459554, -0.01434535,  0.02655190, -0.26216159
  0.12154548,  0.05178749,  0.04563299, -0.07675519, -0.00131529, -0.05340264,  0.01200733, -0.01531124, -0.20125050,  0.12625953,  0.01382958, -0.17276503,  0.26435123, -0.05726208, -0.29421538,  0.20839871,  0.01708188,  0.06133304,  0.16840085,  0.01750182,  0.02429933, -0.09336588,  0.02185614,  0.07065656, -0.30467456,  0.06619966, -0.18121770,  0.03169679,  0.00809133, -0.00141018, -0.03295017,  0.18750080,  0.06626289, -0.05360676,  0.09089324,  0.23644136,  0.04245187,  0.26896229, -0.10286718, -0.01148013, -0.07030815, -0.00002434, -0.13703108, -0.25667756,  0.13709716, -0.00360345, -0.03156164,  0.18807161, -0.00680909,  0.09094439,  0.02508764,  0.26534636,  0.20600568, -0.10217476, -0.01241541, -0.06306351,  0.05907859, -0.16100399
  0.12536529,  0.04297597,  0.03627274, -0.06199460, -0.09349980, -0.04245555,  0.04254947, -0.06927664, -0.18821311,  0.15752231, -0.15639753, -0.02575486,  0.19105147,  0.04308133, -0.34238087, -0.02938110, -0.21434244,  0.14350912, -0.00567631, -0.10110348, -0.06394004,  0.04384950,  0.00041915, -0.22453265,  0.11596984,  0.04828233, -0.11819170, -0.24504340, -0.00746637, -0.01371402,  0.09872884, -0.16807197,  0.05248167,  0.12971255, -0.11480206, -0.20025441, -0.02304514,  0.05307294,  0.28968578,  0.07581339,  0.11749659,  0.09086689,  0.13138999,  0.06467000, -0.20274502, -0.02779902,  0.05615110, -0.16769772,  0.08651740, -0.07548881, -0.13663227,  0.02464743,  0.26744875,  0.15441765, -0.05606657, -0.03568842, -0.20542224,  0.00894213
  0.12897774,  0.03421359,  0.02695801, -0.02523493, -0.12189359, -0.03653973,  0.03542750, -0.09762092, -0.04601886,  0.07369708, -0.18231271,  0.12811969,  0.13974399,  0.13894747, -0.27244510, -0.24972640, -0.05506098,  0.07417420, -0.14485953,  0.14809670, -0.00375396,  0.06469114, -0.05165995,  0.23688975,  0.08936233,  0.06219252,  0.04332981,  0.03460025, -0.32677794, -0.00357425,  0.08136356,  0.09584895, -0.08694665, -0.07673174,  0.12015456, -0.00023991,  0.28317634, -0.22992228, -0.12912830, -0.12364172, -0.17584738, -0.09574993, -0.01008218,  0.10512747,  0.12207340, -0.03816651, -0.06200489,  0.18250138, -0.25071369,  0.02459061, -0.00519926, -0.07215558, -0.14044653,  0.19838414, -0.11869527,  0.05365685, -0.14773028, -0.07097854
  0.13261028,  0.02655421,  0.02088746,  0.00062695, -0.09498160, -0.00859422, -0.01796008, -0.01982079,  0.09882829, -0.01911307, -0.06503079,  0.19511314,  0.10750597,  0.24064664, -0.11345438, -0.29113661,  0.07663413,  0.04004315,  0.12382858,  0.15135951,  0.13921077, -0.26341180,  0.05518460, -0.02266103, -0.04568674, -0.11685253,  0.06292823, -0.14870625, -0.00904185,  0.21281478, -0.20323641, -0.01268022,  0.12935043,  0.07110884,  0.11325977, -0.13429500, -0.24297524,  0.09957756, -0.17460574,  0.24838705,  0.00235044,  0.16212242, -0.19600365,  0.09777279, -0.05725328,  0.08730369,  0.06678591, -0.04383776,  0.20749345,  0.15417875,  0.25809082, -0.03509810, -0.14513537, -0.01455470,  0.04440264, -0.11070357,  0.00013143, -0.09863338
  0.13637233,  0.01997911,  0.01714608,  0.00612804, -0.01527316,  0.03951046, -0.05702049,  0.11286713,  0.12079033, -0.04010225,  0.08157101,  0.12485594,  0.06665141,  0.31771932,  0.05129280, -0.22737536,  0.08656706,  0.11442194,  0.07151920, -0.23195340,  0.00115825, -0.08792419,  0.27606960,  0.05548310,  0.17443924, -0.20375802, -0.12347480, -0.05558290, -0.03845588, -0.29696424,  0.06297958, -0.00700412, -0.02910218,  0.02597090, -0.09478184,  0.20055722,  0.12988238,  0.03582711,  0.01166347,  0.04441369,  0.15529005,  0.03301291,  0.22932177, -0.28872273,  0.16482617, -0.04580572, -0.06171476, -0.07694955, -0.04992540, -0.28268642,  0.16474601,  0.04824933,  0.05145683, -0.04443263,  0.03080885,  0.08251265,  0.08972515, -0.10388290
  0.14013614,  0.01372516,  0.01340945,  0.00430761,  0.08281506,  0.06823944,  0.01055540,  0.13734964,  0.03833555, -0.00225427,  0.13666722, -0.06533174,  0.00872383,  0.31843268,  0.15114580, -0.09229739,  0.24451243,  0.18132473, -0.02945262, -0.25395626, -0.09790037,  0.02249610, -0.03783029,  0.07072302, -0.08795806,  0.17627117,  0.05665859,  0.17306120, -0.10371970,  0.18539525,  0.08590119,  0.08252404,  0.22757732, -0.01741783, -0.16562180, -0.29174797,  0.09581034,  0.24874058,  0.07142129,  0.02475920, -0.11916461, -0.24103560,  0.07515974,  0.12028953, -0.15606242,  0.10435973,  0.03699715,  0.24502736, -0.01803454,  0.05558426, -0.08123257, -0.00989739,  0.14644318,  0.06359501,  0.03059412, -0.08832073,  0.09151148,  0.05653591
  0.14370275,  0.00779418,  0.01109625, -0.01912673,  0.08703214,  0.08967984,  0.07571112,  0.08406112, -0.06604300,  0.06690521,  0.05232358, -0.16346154, -0.11215573,  0.26915356,  0.14013922,  0.10827443,  0.20754601,  0.26606080,  0.06256546,  0.08245153, -0.13934351,  0.02053987, -0.11879256, -0.13248298, -0.19474222,  0.00159158, -0.04863035, -0.06928630, -0.00530416, -0.04190367, -0.18741901, -0.20515387, -0.17541070,  0.04070530,  0.29016076,  0.03026894,  0.25240064, -0.21354779,  0.07399755,  0.12041118,  0.08745634, -0.02991781, -0.28033537,  0.01689391,  0.13799873, -0.07570476,  0.01555346, -0.15306554,  0.03800539,  0.03134023,  0.06144393, -0.04677654,  0.10925630,  0.01128022, -0.16048166,  0.09426751, -0.11103061,  0.21314541
  0.14720868,  0.00158342,  0.00605189, -0.03202144,  0.03772661,  0.10751050,  0.11300185, -0.02072224, -0.07471504,  0.08354048, -0.07122651, -0.12786787, -0.24017277,  0.18280800,  0.06207800,  0.22489957, -0.01465117,  0.30510620,  0.00247322,  0.10965529,  0.09712418,  0.11379607,  0.00703838, -0.04821057,  0.20273383, -0.02439240, -0.12332174, -0.05542392,  0.01371636, -0.04427634,  0.13328840,  0.28423437,  0.02041936, -0.04650731,  0.13162767, -0.15423049, -0.32288638, -0.01713006, -0.23033966, -0.13201905,  0.02449166,  0.15871481,  0.07352301, -0.27057363, -0.19368707, -0.01753431, -0.03743352,  0.03165451, -0.08361070, -0.00813999, -0.08004328, -0.16040462, -0.15439354, -0.00846283, -0.20503681, -0.08877564,  0.05340840, -0.03948191
  0.15062299, -0.00498905, -0.00172983, -0.02029956,  0.00054901,  0.10550344,  0.11130974, -0.12567681,  0.05546335,  0.00817050, -0.11450077, -0.05803197, -0.29978279,  0.06714869, -0.01072546,  0.20269676, -0.15829925,  0.20549152, -0.13190253,  0.08844326,  0.07792578, -0.16352671, -0.02165814,  0.20926128,  0.04505890,  0.09432730,  0.05188312, -0.01487970, -0.08178291,  0.06725948,  0.04508355, -0.27940474,  0.17834417,  0.00975455, -0.16309584,  0.36253810, -0.05293490,  0.05233201,  0.12072309,  0.05796351,  0.04177108, -0.00277817,  0.21981948,  0.27583055,  0.05222315, -0.02984619,  0.04392147,  0.10161029, -0.02967398,  0.08179985,  0.20785682,  0.11264586, -0.01966337, -0.27360304, -0.08955358, -0.03261228, -0.05831986, -0.03148623
  0.15391364, -0.01126769, -0.00865324, -0.00230926, -0.02260429,  0.08811477,  0.04779903, -0.14974139,  0.21485696, -0.11343029, -0.05828657, -0.05566516, -0.26442885, -0.05145648, -0.02543253,  0.08723173, -0.18727996,  0.06895735, -0.05026926,  0.12747203, -0.07374002, -0.07383295,  0.14490246, -0.05458822, -0.08468785, -0.10882680,  0.13771559, -0.10660927, -0.07458762, -0.04455302, -0.14397507,  0.19062379, -0.21747793,  0.11171802, -0.30204251, -0.26172037,  0.18445445,  0.08402375,  0.01599433, -0.03320752, -0.13725888, -0.18288123, -0.18088535, -0.04412421,  0.15170975,  0.09829827, -0.07552142, -0.06227062,  0.24202743, -0.15316651, -0.12816572,  0.12054851,  0.02581627, -0.01609693, -0.08446755, -0.02956658,  0.01241199, -0.27585241
  0.15698183, -0.01712167, -0.01302608,  0.00619666, -0.02519857,  0.05408403, -0.07276603, -0.07840782,  0.24289398, -0.20729284,  0.02065261, -0.13039582, -0.17532456, -0.15588709, -0.00816907, -0.02482658, -0.09809136, -0.02670595, -0.06559154,  0.01162245,  0.10780081,  0.14309717,  0.05732440,  0.01221241,  0.05978322, -0.20542251, -0.08023244,  0.02853899,  0.07642453,  0.03278612,  0.00983025, -0.00532069,  0.35430554, -0.17923346,  0.25549409, -0.08248764,  0.31273994,  0.01718803, -0.00136489,  0.21883183,  0.04437515,  0.22391284, -0.12960386, -0.03718912, -0.07750026,  0.09474709,  0.09410292,  0.01153455, -0.30148821, -0.03314957, -0.07240756,  0.03127563,  0.19975820,  0.01930237,  0.16819601, -0.11626074, -0.13858871, -0.06979125
  0.15987874, -0.02280435, -0.01659909,  0.00740113,  0.02659211,  0.00242937, -0.16553752,  0.00633925,  0.10992905, -0.22577710,  0.05723676, -0.20573071, -0.08475079, -0.22595059,  0.02078939, -0.07539546, -0.02681324, -0.07448888,  0.01807756, -0.01048418,  0.04347332, -0.22286474, -0.07647016,  0.01559314, -0.00817021,  0.13901250, -0.11282174,  0.15390579, -0.15656530, -0.19048057,  0.09984438, -0.13182606, -0.05658588,  0.29061956,  0.11878805, -0.20680259, -0.10732037,  0.00485793, -0.16486897,  0.15018257, -0.04376914, -0.01220841,  0.25345564, -0.14737198,  0.05151689, -0.16494569, -0.03430191,  0.07388510,  0.09190200,  0.27606307,  0.11536646,  0.04121736,  0.11305112,  0.23361957, -0.14330074,  0.19252140, -0.09532402,  0.00825922
  0.16286492, -0.02797018, -0.02019983,  0.00022240,  0.06680209, -0.04583631, -0.14440391,  0.02804365, -0.10890883, -0.16379271,  0.04085629, -0.20932019, -0.01923729, -0.24294809,  0.08473222, -0.16099039, -0.08727227,  0.00381465,  0.15326189, -0.04231965, -0.15724717, -0.04447151,  0.14972452,  0.00210172, -0.06438683,  0.08741926, -0.08916853, -0.19129680, -0.06919270,  0.24187191,  0.08279711,  0.13198627, -0.11509470, -0.26838645,  0.00586708,  0.19774525, -0.00788850,  0.02985759, -0.03625618,  0.08534051,  0.16214352, -0.27885172,  0.01174607,  0.08092579, -0.19959034,  0.02978728, -0.00326908, -0.10681291, -0.02126230, -0.20019153,  0.22566727, -0.04431459, -0.16417171,  0.17743075, -0.21459970, -0.20036045, -0.05809763,  0.05666197
  0.16576175, -0.03311658, -0.02429465, -0.00290687,  0.03247014, -0.09843572, -0.03945036, -0.05088672, -0.26804628, -0.06777569, -0.00190732, -0.12770121,  0.01479365, -0.23367615,  0.15548936, -0.21697747, -0.01638503,  0.07499384, -0.00473741, -0.13437986,  0.06845106,  0.16870455, -0.05243080,  0.00242302,  0.08812382, -0.05444192,  0.08597488, -0.15131339, -0.16509569, -0.07165707, -0.17187890, -0.11460523,  0.14466727,  0.23341506,  0.02241401, -0.04217906, -0.06351988,  0.14322186,  0.12800647, -0.27353282,  0.04510660,  0.00386655, -0.24650651, -0.03775443,  0.12845844, -0.14823019,  0.01588042,  0.24716045,  0.00010484, -0.08396098,  0.11638492, -0.34319135,  0.00411794, -0.22492463,  0.05226147, -0.00099049,  0.01092798, -0.10867240
  0.16876565, -0.03803741, -0.02942360,  0.00618256, -0.05895777, -0.10546304,  0.05143634, -0.10855402, -0.25285227,  0.03947473, -0.01313178,  0.02727654,  0.02939193, -0.18425447,  0.24943912, -0.19341051, -0.00453988,  0.11971161,  0.08206502,  0.03218740, -0.07819861, -0.25733877, -0.15018761,  0.09060434,  0.08147285, -0.09296602, -0.04251690,  0.17032893, -0.01219426, -0.01113815,  0.06974573,  0.11975848, -0.08700031, -0.14575206, -0.05029855, -0.06302729,  0.09953914, -0.24455344,  0.15464963,  0.00950216, -0.13493836,  0.34529408,  0.01479574,  0.09038120, -0.12779182,  0.20156516, -0.05785268, -0.05606271,  0.07351618,  0.02600295,  0.02147161,  0.11522813,  0.19724473, -0.12660305, -0.11574130,  0.06980749,  0.34110079, -0.02832213
  0.17164737, -0.04288919, -0.03385130,  0.02401053, -0.13700620, -0.08227581,  0.03816734, -0.06521191, -0.12698353,  0.12340201,  0.00292212,  0.17427295,  0.03412975, -0.12812140,  0.29563097, -0.08188883, -0.05838458,  0.13239948,  0.05210409,  0.00649763,  0.05710884, -0.00398258,  0.34412096, -0.08241475, -0.11211597,  0.14326035,  0.03375409,  0.00490506,  0.06080235,  0.10159495, -0.06140234, -0.08204998,  0.06286768,  0.09961942,  0.10544738,  0.01998041, -0.04231194, -0.03728505, -0.32710887,  0.08330270, -0.17088532, -0.01307756,  0.19450665,  0.09565033,  0.22170718, -0.15404538,  0.12073579, -0.03744976, -0.02297263, -0.16237108, -0.39616732,  0.10010261,  0.04140663, -0.06905333,  0.02672677, -0.12043990, -0.07334693,  0.15056931
  0.17438710, -0.04792029, -0.03815325,  0.05697449, -0.09849177, -0.06728753,  0.01326804,  0.01990028,  0.02061901,  0.14768112,  0.03011466,  0.19708254,  0.07399278, -0.09803380,  0.28579355,  0.07782058, -0.00202123,  0.04351185, -0.11903149, -0.15952447,  0.09636738,  0.04495593, -0.09089896,  0.03449356, -0.14787688, -0.12946831, -0.13559783, -0.19549163, -0.15313649, -0.15926431,  0.12904153,  0.03695457, -0.11543892, -0.00588906,  0.01281353,  0.05919231, -0.06692438,  0.12694816,  0.01484224,  0.12294543,  0.25349938, -0.09542991, -0.07562013,  0.07056198, -0.03820959,  0.35852704, -0.20337721,  0.02974011, -0.04726293,  0.28978439, -0.19502933,  0.05986566, -0.16769131, -0.01497460,  0.07396548,  0.15039732, -0.23876734, -0.08999720
  0.17714462, -0.05213281, -0.03911895,  0.06915392, -0.01482091, -0.04918242,  0.02113698,  0.13453391,  0.07887156,  0.13480167,  0.02649270,  0.13363571,  0.11926258, -0.07832778,  0.20960352,  0.20157173,  0.02835773, -0.02904516, -0.05928535,  0.08862554, -0.15255005, -0.07237620, -0.04336964, -0.13921977,  0.20670870,  0.06990894, -0.01505143,  0.06807048, -0.21410273,  0.22410979,  0.01911055,  0.02558615,  0.15524307,  0.01479911,  0.00047034, -0.03079816,  0.07524220,  0.01444978,  0.14424899, -0.27678231,  0.01990668, -0.00174586, -0.01623489, -0.20020919,  0.15252248, -0.09299549,  0.31042682, -0.31556029, -0.05786050,  0.17394345,  0.17380026,  0.17194158, -0.11532813,  0.14770027,  0.09645986, -0.09195240, -0.03392463, -0.18336007
  0.18035128, -0.05527375, -0.03958403,  0.06069099,  0.06603028,  0.02075829,  0.11102765,  0.22155164,  0.04957360,  0.10990517, -0.00354600,  0.05742682,  0.15037033, -0.03616094,  0.14751759,  0.15767064, -0.19592711,  0.02817993,  0.17725330,  0.10341629, -0.07745799,  0.13038064, -0.02752780,  0.27524700, -0.00661495,  0.03451312, -0.02734528,  0.00433892,  0.09621997, -0.08551198, -0.36171618, -0.08673706,  0.00079427, -0.06782442, -0.09456559, -0.08636394, -0.05752520, -0.09810553,  0.05241929,  0.14948057, -0.18184717, -0.00540204,  0.04454720, -0.01817238, -0.28739645, -0.26436876, -0.29012645,  0.07479323, -0.05481872, -0.10432934,  0.12441719,  0.03341863, -0.04273780,  0.13383987,  0.23401119,  0.05445585, -0.07836541, -0.12665531
  0.18329873, -0.05883378, -0.04025154,  0.04539816,  0.10370501,  0.07120833,  0.21751691,  0.17214054, -0.00166475,  0.04934794, -0.05241308,  0.00006515,  0.14601432, -0.01985693,  0.05895054,  0.07299836, -0.23386264, -0.02173301, -0.13963841, -0.03659360,  0.15106206, -0.03015722, -0.11162080, -0.17812366,  0.01107936,  0.02895751,  0.21039054, -0.00743257,  0.30089036, -0.11172441,  0.12019677,  0.19680243,  0.02183731,  0.09883115,  0.07249730,  0.04572226,  0.14176163, -0.08678007, -0.18858399, -0.04618987,  0.22078067, -0.00092710,  0.01540092,  0.17615430,  0.07529623,  0.11157747,  0.17865203,  0.28791938,  0.19395259, -0.14875593,  0.23550334,  0.02174302,  0.05621919,  0.23567589,  0.06747257,  0.04713478,  0.07723744,  0.04903011
  0.18633674, -0.06229200, -0.04207045,  0.02839103,  0.04574079,  0.14137282,  0.27853439,  0.05864625, -0.01096733, -0.02286391, -0.06790229, -0.01728566,  0.13654100,  0.00091575,  0.01279382,  0.03842899, -0.07795818, -0.20283109, -0.16888088,  0.19349305, -0.09575525, -0.01259939,  0.10616200,  0.08088920, -0.08953478, -0.13364094, -0.04371599,  0.10739455, -0.06810230, -0.00007414,  0.30550360, -0.25951712, -0.01979833, -0.11653649,  0.03174031, -0.02555456, -0.17159913,  0.28031338,  0.04135087,  0.02990443, -0.22159352,  0.02537346, -0.10593660, -0.07859297,  0.19465321,  0.15141391, -0.16106935, -0.15091112,  0.01112361, -0.13065082,  0.05413157, -0.28884339,  0.08166293,  0.08991080,  0.02001133, -0.03400063,  0.09847893,  0.22896402
  0.18922067, -0.06620830, -0.04553788,  0.02242235, -0.02986483,  0.19914672,  0.20213800, -0.02126147,  0.02444710, -0.07775347, -0.03534821,  0.00461709,  0.09827487,  0.01867102, -0.06712701,  0.07175958, -0.03916131, -0.28650703,  0.14729461,  0.02317746,  0.23004832,  0.02918275,  0.06461526, -0.15352215, -0.10487465,  0.08241471, -0.07469201,  0.00222697, -0.29755771,  0.09250791, -0.14862431,  0.16669132, -0.03516090,  0.12391088, -0.18485103,  0.08214460,  0.13347376, -0.13574028,  0.13495892,  0.23087126,  0.09996690,  0.00070416,  0.07593482, -0.12332799, -0.14042916, -0.04819755,  0.20740579,  0.04215019, -0.13033249,  0.07530730, -0.13603028, -0.20806408, -0.11082591, -0.16053583, -0.02567399,  0.13389672,  0.23650505,  0.17314001
  0.19225824, -0.06990306, -0.05033494,  0.02462332, -0.05537140,  0.24984598,  0.04823133, -0.02066195,  0.03144522, -0.08206540,  0.02632458,  0.02117565,  0.05945413,  0.04628713, -0.11904867, -0.00645694, -0.11140498, -0.23726301, -0.01981661, -0.24744350, -0.10950882, -0.07450949, -0.09139994,  0.09910097,  0.16259622, -0.04474150, -0.21270197, -0.16511097,  0.14895413,  0.07434290, -0.14760531, -0.07167945,  0.00985756, -0.09664654,  0.19484387, -0.19894743,  0.13168393,  0.04524164, -0.16350236, -0.32914689,  0.09056492, -0.09286221,  0.06959946,  0.12283001,  0.01617523, -0.11167945, -0.19559944, -0.06875213,  0.08676450,  0.14616978, -0.07074431,  0.17511069, -0.08478032, -0.26460162, -0.07049971, -0.04920034,  0.13203633,  0.18941877
  0.19551139, -0.07335936, -0.05680212,  0.04000088,  0.02696980,  0.26283086, -0.03668145, -0.04024816,  0.02164087, -0.04731093,  0.07948750, -0.03620963,  0.05190542,  0.06950983, -0.07621935, -0.17873048, -0.03923832, -0.14254290,  0.11141067, -0.01478834, -0.26547685,  0.11388601, -0.07976085,  0.01519796,  0.08985572,  0.25037928,  0.27934647,  0.15845344,  0.02961964, -0.22481224, -0.00008132,  0.06681887,  0.10865849, -0.00282143,  0.19206095,  0.12066656, -0.31130559, -0.10429558,  0.20507970,  0.07741854, -0.03676142, -0.01352276, -0.10112525, -0.08725170,  0.02486626,  0.20248197,  0.10882385,  0.00300778,  0.05701707, -0.12090969, -0.16782739,  0.21383662, -0.12421193, -0.14573509, -0.08426697,  0.02436921, -0.18766362, -0.07465434
  0.19849188, -0.07629964, -0.05948475,  0.02728029,  0.08692299,  0.22084252, -0.11504911, -0.07254381, -0.02593813,  0.02257491,  0.05083992, -0.05570707,  0.01931394,  0.10110091,  0.00456114, -0.22966793, -0.00580827, -0.04271430,  0.07849166,  0.07661481,  0.08599909,  0.14611743, -0.16475293,  0.02054276, -0.24768530, -0.13020743,  0.10512461,  0.08092074,  0.24031444,  0.20443864,  0.09915125, -0.08070895, -0.15803067,  0.04140484, -0.31207684,  0.10229034, -0.08224023, -0.19850571, -0.13304484, -0.20272073,  0.13870828,  0.01657132,  0.10099049, -0.09810562,  0.04715923, -0.03614506, -0.04821254, -0.12955388, -0.13785932,  0.21893919, -0.04676887, -0.10783929,  0.22886330,  0.01346270,  0.08571731, -0.17522068, -0.12851363, -0.18460198
  0.20090536, -0.08014042, -0.06233226,  0.01752368,  0.11199964,  0.08398907, -0.14262207, -0.18594905, -0.04047652,  0.04520112, -0.02617419, -0.05069175, -0.01104805,  0.10499264,  0.04677768, -0.04882619,  0.20272515, -0.12599276, -0.21194072,  0.00773102,  0.20547647, -0.04200257,  0.08750803, -0.27862624,  0.08772694, -0.03886414, -0.04201879,  0.05107212,  0.08613109, -0.12109319, -0.08756461,  0.00397303, -0.20984489, -0.16856766,  0.04828091,  0.20844597, -0.03902796,  0.28398416,  0.04687168, -0.10993550, -0.25967583,  0.01734062, -0.07735493,  0.24458323, -0.24890808, -0.23274452,  0.09927370, -0.03001882, -0.05257194,  0.00344333, -0.04814731,  0.08188492,  0.01089047,  0.13631548,  0.01501125,  0.22603947,  0.00475941, -0.14260895
  0.20278923, -0.08477626, -0.06536568,  0.01523670,  0.06818177, -0.11898606, -0.14442571, -0.26304445,  0.01956679,  0.00570556, -0.07056665, -0.02307018, -0.04381746,  0.08103164, -0.02473751,  0.23762936,  0.33305651, -0.20860392, -0.00211669, -0.06232158,  0.03361460, -0.03889305,  0.15985718,  0.22195108, -0.02049908,  0.05393016, -0.13160375, -0.05761223,  0.03854184,  0.09005335,  0.20255370,  0.10454825,  0.00572836,  0.21182301,  0.03953648, -0.03299571, -0.06223281, -0.26778025,  0.23373561, -0.00405605,  0.09899116,  0.13316737, -0.09188012,  0.10463311,  0.09931104, -0.10563944, -0.15782546,  0.13297524,  0.15772472, -0.14447680, -0.03257234,  0.03281853, -0.07703801,  0.16033288,  0.18976663, -0.20006643,  0.01066747,  0.03902961
  0.20480337, -0.08903907, -0.06923374,  0.01679839, -0.01417093, -0.26810982, -0.14387093, -0.13609548,  0.08858805, -0.03418029, -0.03616973,  0.02071798, -0.09070830,  0.06125405, -0.16014361,  0.26667735,  0.03865598, -0.02949279,  0.24851942, -0.25398258, -0.10926396, -0.01287978, -0.09783604, -0.12296281, -0.01177510,  0.06398231,  0.16375864, -0.10289914, -0.13012705,  0.00199650, -0.08420876, -0.17222276,  0.00121273, -0.23848749, -0.09799718,  0.02099231, -0.03565852, -0.09459081, -0.28758897, -0.14650938, -0.16623023,  0.08931286,  0.07992680, -0.05347636,  0.00031951,  0.28918196,  0.07948368,  0.00341032,  0.02085136, -0.08576010,  0.07649209, -0.17203425,  0.06802570,  0.00875954,  0.17518897,  0.21755387, -0.04893436,  0.09493797
  0.20704540, -0.09292470, -0.07446959,  0.03188140, -0.05267102, -0.32430629, -0.09565523,  0.09057755,  0.06821730, -0.04844591,  0.02761866,  0.00595795, -0.11753241,  0.02167995, -0.22959840, -0.01464720, -0.12860176,  0.15765167, -0.07941134, -0.05077898, -0.24593814,  0.21081170, -0.12666685,  0.05866806,  0.07627538, -0.12562555,  0.02243570,  0.15997736,  0.13882044,  0.05047421, -0.15468271,  0.17902289, -0.11923310,  0.18299375,  0.05166336,  0.16903220, -0.10797259,  0.18930189,  0.06620112,  0.17970467,  0.06532092,  0.00321500,  0.05283360,  0.14747052,  0.17250053, -0.06068987,  0.01371453, -0.13011105, -0.10624233,  0.15188464, -0.12457474, -0.08941764, -0.07028139,  0.11863867,  0.04130040, -0.01242615,  0.33559213,  0.08708530
  0.20912939, -0.09692563, -0.07944276,  0.06073112, -0.01230254, -0.33092071,  0.02668471,  0.21821450, -0.01265248, -0.04466542,  0.05248367, -0.05591099, -0.11732092, -0.06145228, -0.22234537, -0.20032767,  0.12483780,  0.12728867, -0.09090554,  0.30492660,  0.23631991, -0.05171281,  0.02030708, -0.05074482, -0.07824042,  0.07489392,  0.00436995,  0.03242813,  0.17429477, -0.10700886,  0.12596692, -0.08894126,  0.09468555, -0.12191856, -0.12752672, -0.09316757,  0.08338771, -0.05466280,  0.10803698, -0.13866645,  0.03795576, -0.15805791, -0.02747349, -0.20343960, -0.11935323, -0.01956044, -0.02954137, -0.02841611,  0.09140219,  0.00041248, -0.05556757,  0.15827142, -0.23107215, -0.18000415,  0.15767467,  0.08110954, -0.04460712,  0.24613388
